x1,x2,label
-1.02538831822198,0.863602712562192,1
-1.4319437909463142,0.6528270931597802,1
-0.2441468480975173,1.6925199172437095,1
1.0560111497105122,-0.5996127890697895,0
-0.3131087764951892,1.1581728190942742,1
0.3422600855069846,-1.1220775359974846,0
0.7770131260711547,-1.0829349366086343,0
2.315627970226969,-0.6524434719042935,0
1.590514451647032,-0.8084890029414297,0
1.298576992732726,-0.6879873864202772,0
-0.036714156501192474,1.0567836340393977,1
0.02212170945314962,1.4763310895326889,1
-1.9804460304719047,0.6596497367767953,1
1.2702061559403266,-1.1233356399166532,0
0.43343237276478397,1.4338592007981612,1
1.1098052551550357,-0.6348880962328124,0
1.0355623420917084,-1.3030282670345958,0
1.1051886720167927,-1.0666461576776005,0
1.9903417316532757,-1.1158139711858546,0
-1.3375770866857102,-1.1770680022667799,0
-0.049883679244854484,-0.9055047479267126,0
-0.7311420799201992,1.5703440194843552,1
3.192052414888774,-0.2627219834396102,0
1.8396260326023168,-0.36936004700494907,0
-0.0179287759761525,1.334144414935022,1
-1.5609552246018066,0.8578736712189924,1
-2.1756573749746684,0.7377468814271395,1
0.4113963872035713,1.621975636239651,1
2.207063365761141,-0.8808917698849585,0
0.8759142168782026,-0.8648831207057314,0
-1.6144542692439532,1.0147731958059976,1
-0.24067762566340467,1.1955389852178058,1
0.572837294944148,-1.2095693063357007,0
1.4245688798886185,-0.7531832140735455,0
-0.7454056499782158,1.2356573173939518,1
1.5452228764750786,-0.8060814320347993,0
1.3041290678125868,-0.5379215505158779,0
-2.8607695258738213,0.6640412465119925,1
-2.547150522964137,0.22110919830871456,1
-1.1841470759239,0.8991563817036264,1
2.2238659747444487,-1.034841224269904,0
-0.7066742706082347,1.154661952260006,1
-1.3881131357333252,0.5032571169106234,1
1.3452522626653964,1.7828469374079206,1
0.3969580713296835,-1.6927071006909773,0
0.3595844812988179,-1.4043252507967796,0
-1.507558234990865,0.5883401355284139,1
3.337635367913901,-0.4221413537097247,0
1.7654105541069813,-0.7892068286135767,0
0.2977741457637676,-1.2087421422130569,0
0.9156787350887103,-0.9615115012551371,0
-0.4781805186939263,0.9669354073322333,1
1.2060448205239132,2.2218560130098317,1
2.0925554131847033,-0.8911814132982578,0
0.6923616077235202,1.7161105421237206,1
-2.719623478983401,0.2762686434722995,1
2.2910909790034886,-1.42689791511444,0
-2.781117581145185,0.11827968485903362,1
-0.7783979342171405,1.3645788186221135,1
-2.062312458096899,0.7805854467157641,1
-1.1182979044865888,1.186000281960095,1
-0.6775645326855896,1.6621743243254856,1
2.0739361594496293,-1.008337381444689,0
-1.6609918744614742,0.4893031119836241,1
0.6237416871021302,-0.9845396418489908,0
1.6240842447698731,-1.0790058005634824,0
-3.2826698926684257,0.36107388836425836,1
0.33520182666304066,-1.1561553178711206,0
-4.024456612189157,-0.15448517182690868,1
1.8308630983997274,-0.8668143464793475,0
1.8583364392586113,-0.5046894230559085,0
-1.9148534635510939,0.730616769802785,1
1.0502292679886636,1.9866965787694415,1
-0.746162724938767,-1.3235838607786503,0
0.5451740052458509,-0.8449921310070674,0
-1.9722440511140256,0.9150491245159396,1
0.6332318076797365,-1.0668878672413018,0
-0.529848084461755,1.1987522901229326,1
1.0775550297481986,-1.4169280746612,0
-2.309287099816167,1.2658410595067593,1
-0.5123635262079558,1.1642103058865434,1
1.3176175674674981,-0.8884015415245228,0
2.0016912609014534,-0.8656239324523959,0
-1.2695634080475502,1.1201162198271997,1
-1.334273133943713,0.7381440385062917,1
1.713439001260923,-1.0539333688364156,0
-0.588496368551341,0.9613318160002453,1
-0.7311317684774429,1.1991168111563888,1
-0.39184235472022266,1.106670105343033,1
-0.6062588694417906,1.0245609775285027,1
-0.8229069729536256,0.7000018142021719,1
0.32636762726842894,-1.141383797648905,0
1.1778655646949365,-0.7980614180541219,0
1.3546357471447164,1.9541703491105185,1
-0.02275311562125948,1.4305358474710352,1
1.2780659794130118,-0.6431839429513135,0
-1.532963042459675,0.6821496676486234,1
-1.8441669051173317,0.8983798954253964,1
0.6192408633476358,-1.1314916489937858,0
1.037137613790841,-1.0094256485031052,0
1.186940345153451,-1.0312872741617705,0
2.596202268737785,-1.1395390443205904,0
-2.2536443549855205,0.29926803783345,0
1.363643275223953,-0.7942718768356516,0
-0.574648359634736,1.5161161168538628,1
0.19413717054900892,-1.1450688806964004,0
-1.2265391319300707,1.025552884206715,1
0.40579726022087115,-1.1058285879506085,0
2.9438293402950695,3.0238876077160617,1
1.4799795834973688,-0.7990662372448463,0
1.131574825066672,-1.0951500875904856,0
0.39106238322121056,1.190733552599535,1
1.9483970818836873,-0.9171691057798301,0
-0.7665456172891952,0.9409913389987448,1
2.1710413056549065,-1.1315120954261753,0
1.3062056554488115,-0.8633720835926596,0
-0.2924967398030398,1.561594486808457,1
2.438147697676592,-0.7183600919660421,0
-1.2485029722034606,0.8752740157359753,1
-0.9860042794816111,0.8291369975459901,1
-0.7693361703456345,1.0600439729570685,0
1.0448710249533537,1.9016962114214573,1
-2.1790613148536675,0.817681882800929,1
-0.8185823879987231,1.0415437002838581,1
-0.8865163855567948,1.0276685532522996,1
-1.2600961606724308,1.0613832653970574,1
0.6504616313790379,-1.157501996881911,0
-1.7296210978698416,0.6757652969819747,1
-1.8394631453332568,0.37272249446019534,1
-2.2281012433655176,0.40654278006160693,1
-1.3643874646731948,0.49916758215868573,1
-2.8414101480022125,-0.1163522839563993,1
0.5794284920889893,-1.8540853709183298,0
-1.960932037205272,0.6959776372791984,1
0.6887831284719912,-0.5489622490417533,0
0.14793845515315596,-0.8467473778410404,0
0.6653215589536916,-1.521264956927057,0
-1.1094301067570111,1.0312246848339077,1
-0.5843320447341649,0.8552814127189974,1
-2.1348236865772874,0.2565978258922206,0
-0.8105298872572895,1.0079820562242727,1
2.787303190747834,-0.9836774142601308,0
0.7714423535096386,-0.849870844355186,0
-1.1550551910255538,1.1168352332695595,1
2.0665024082053414,-1.1551030380501575,0
-0.7186300177060644,1.0372282901426169,1
-0.03467561679856823,-1.6255288103595293,0
0.9737220836615296,-1.362335752290914,0
-2.5919393627731386,0.2919702149214686,1
-2.986096409684679,0.4832748951152994,1
-0.24954994147791254,1.5566710018555543,1
-1.0426113764844447,0.9255521483670103,1
-1.4474823585185994,0.9928180237206754,1
1.248237239900582,-1.3693096888562457,0
1.9209329267778834,-0.9355177466991923,0
-2.1814949319738206,0.6872129194648307,1
-1.9288065168188737,0.6059317492157739,1
-0.3720164897284499,-1.1157308246010107,0
-1.2608159596266177,1.0213179652535405,1
-1.1806654051103305,1.400756083270515,1
0.3564624851779742,-0.9334608936179833,0
1.55509549953804,-0.724706377927031,0
-0.024967447660853348,1.4947947026797648,1
0.7891783320136794,-1.2525947731312828,0
1.65006244535738,-1.242828018721891,0
0.6537453270365579,-0.7026602120526968,0
0.33336643429512747,-1.1289739574610818,0
0.55387582626382,-1.0330832156132448,0
0.3325121889245154,-1.0980274601141398,0
-2.5366477067652067,0.1903663187920981,1
-3.018839994702425,0.698253125730816,1
-1.8305173109712491,0.3441158442861978,1
-1.412117532623269,1.2291756598792403,1
-2.486388444495514,0.25558875394336067,1
-1.125274805271388,1.0276809227996284,1
0.7981958516816698,-0.801656442637111,0
2.1697957311344234,-1.0271519290700077,0
-1.3597293433081752,0.792483369899137,1
-0.6728807016117928,0.931087254135951,1
0.35102776516109213,-1.2518253734480647,0
1.5336152786886992,-0.6690093061723941,0
0.06041375605612587,-0.9983448332178468,0
-2.0261267462596115,0.8913645424434735,1
-0.13701162610963502,-0.831382251044001,0
0.6712055016948536,-0.7370571209086978,0
0.5032339711766334,1.4857594338358118,1
-0.6463425816773671,-1.1007499512882983,0
-0.8814916057422553,0.9909096729076593,1
0.8909283973508687,-0.7598233277838988,0
-0.6715923868909837,0.9368052264090859,1
2.3662361466103414,-0.534438356669513,0
2.242002479750867,-1.4307075990262386,0
-1.1491795246923477,0.8772922798404978,1
1.8958150876734816,-0.7789046170408847,0
-1.1460123362334707,1.0067873067399993,1
2.0152262472392333,-0.6108420758254067,0
-3.1115398419888574,0.18220121232294717,1
-0.5538307879513311,0.7832417930496527,1
-1.157886815319042,0.891043407631065,1
-2.1405561020363506,0.6891941401119333,1
1.6050232843231211,-0.9035146028411384,0
-0.02624585596854545,1.1574893049354635,1
-0.6943320178106789,-1.1217948559365714,0
-2.314890918853029,0.13365817668183178,1
-2.042602132399834,0.611242915668943,1
-2.28030252483414,0.46879384951665426,1
-2.780800124959343,0.3383369375456158,1
-1.49994074068376,0.5990843454109718,1
-1.378821860903297,1.129500664666243,1
-2.56126926804105,0.32490205221967106,1
1.2965595945804762,-0.8253275761442713,0
-0.8965275388210776,0.9638644051720017,1
1.7720736295868886,-1.1614839089989721,0
0.636786776702889,-0.9542271265594806,0
2.7116203609281464,-0.9825069336377638,0
-0.18272186605791862,-1.2241392138066571,0
2.809158676470398,-0.9427978544952202,0
-0.48127962302574256,1.2796200374383202,1
-0.6775824999708195,1.225577648761612,1
1.4053012712009196,-0.9661366794546373,0
0.9137409834011674,1.471594340337938,1
1.1361873641116982,-0.9804257283558805,0
-0.10645420404262329,-1.0326953233584175,0
1.2965811368392606,-0.6313072905134067,0
-1.1521703223255637,1.1386438560918952,1
-0.204379924370383,-1.021346412088029,0
-1.6669541989285548,0.6292287320403303,1
-0.6246761300099314,1.3169994130113276,1
-0.7380286851033114,1.2306706752140593,1
0.5183689753419232,1.7078826237068556,1
-1.690225460258116,0.47217303373734165,1
2.2877866643077995,-0.5816147023754086,0
2.0455769497548544,-1.0818831888412455,0
0.21171042530982886,-1.034162889240424,0
1.0360649681976395,-1.1917671792520057,0
1.6764290249334206,-1.0490169204947906,0
0.5454629432321672,-1.1779428123351932,0
-1.9192456212430737,1.1126169731029136,1
-3.159016679386644,0.16789788666634986,1
1.1242585717959583,-0.6936753359741155,0
0.18568321417226885,-0.762659852243379,0
-1.4816340169079187,0.8761334845211469,1
-0.46374543962887227,1.1906382029271616,1
2.5767979060156083,-0.8788758859700654,0
-0.7199726128089581,0.5754969126445305,1
0.4701856321696938,2.180047989979066,1
1.5133330283209312,-0.7644986378267405,0
1.9196678522735315,-0.564702014596945,0
1.3335442471704324,-0.9665480741493013,0
-0.32765822697754343,-0.9709752194857258,0
-0.8200742244015674,1.1986300240269294,1
0.6207048420637484,-1.1143329259593102,0
-0.08295146588359925,-0.984155754484921,0
3.3538047144839633,-1.3493803237797195,0
-0.7879433912884146,1.1145498630236537,1
1.0561781518260442,1.4962699820648688,1
-0.1963039710884673,-1.4264378546721885,0
1.000767956920081,-1.4585543929043183,0
-0.09160398209037668,1.2581888140796893,1
0.2167165194266527,1.6433778809733197,1
1.4288798461516083,-0.8063432148674012,0
-2.1751320181640272,0.8954963827508777,1
0.5813965768683695,-0.7552929687693419,0
-2.336793357878663,0.43981067718842737,1
2.3291803056801705,-0.8669772659009813,0
0.5059773841518196,-1.232041886289441,0
-0.4983277678942206,1.3098395546032917,1
-1.5355790655382449,0.9335420487244881,1
0.6366486184448414,-1.180983401270797,0
-1.3848560108649814,0.5620786754564476,1
0.13002138559394738,1.5589337745682783,1
-0.8825237483608405,1.1328420220802204,1
-1.67555543737982,0.9901721887395603,1
0.46447921806814874,-0.7772210080996542,0
-0.6337918714059405,1.2374892633223984,1
-0.7574314318043258,-1.098627360464196,0
0.3181036402330071,-1.158184617137692,0
1.2641653862431326,-0.8654041730954072,0
2.0562734304753194,-0.9518014669893975,0
-0.17770411546458353,-0.8630853455188079,0
1.6358990860185605,-0.8822772269685313,0
1.4332541350990635,-0.6470881653569982,0
-0.7144473459299148,-1.0560046779765022,0
0.08052863997281434,-0.7559869824264634,0
1.162019896465754,1.5039258966705387,1
0.7286962453746679,-0.6784043765328309,0
-1.9155440776451162,0.6107671690039314,1
-0.6743812444965152,1.3840051626183834,1
0.9982161714414133,-0.7662227791482443,0
0.45421559825962243,-0.9746762275171333,0
-0.5530997079884526,1.158449189963877,1
-2.8055158776359104,0.39546408070466565,1
-0.5844225568072452,-0.6905145652842827,0
-1.1529307850312076,0.6639030269950725,1
-0.5241223435794584,1.3807557323932567,1
-1.926818047613525,1.074675739234601,1
-2.5851639620141036,0.1306250948996177,1
-0.10337848390583271,1.4610756929142497,1
0.2344385211066864,1.3774973699772999,1
0.400974253499086,-0.8718888978425,0
-0.36763725766630717,1.016728734793639,1
-1.974724545299812,0.602356960685158,1
-0.10293803057617179,-1.3090099867063452,0
0.9023367520253731,1.6541781583074928,0
-1.4947665434306252,1.1275961748873142,1
1.5259511550493732,-1.0268338538464408,0
-2.302799709194887,1.0401518194895263,1
-1.7359189641456543,0.7374683346525586,1
-0.9601922468907127,1.102760484399857,1
3.093432304000074,-0.8693596889415699,0
-0.3008212323882935,1.5325249996987453,1
1.384698831112106,-0.8477191574319853,0
-2.18115154676771,0.7823281450290298,1
2.0498766646002604,-0.9548126199987044,0
-1.4913496792624694,1.0743038438306072,1
-0.16552388688683406,1.127037615961894,1
1.54543183173489,-1.0052846062381875,0
-3.036668228707941,0.6048877638613674,1
-0.6639077143019716,0.7520093029002168,1
0.9344940648532116,-1.70386721267645,0
1.0962212931213802,-0.9906818607074084,0
1.4893489435354064,-0.6189423937888314,0
-0.12103792191646412,-1.3377119350095161,0
-2.0136874159877016,0.7390422862039887,1
-1.3328252473854973,1.3606408734767959,1
-2.3683695914845404,0.2918255625755618,1
-1.6105379808097118,0.9759576564568366,1
0.7966896149155489,-1.4380039412248782,0
-0.7792437238962094,1.172764040629687,1
-1.0048908874477878,-0.7196434196406982,0
-2.8482115728181205,0.09394832305732581,1
0.3440700788729353,-1.3535984820370095,0
-1.3092393296975935,0.49508650208632465,1
-1.1038700172923928,1.0768282677431864,1
1.3263453411257706,-1.2284377907220838,0
-0.7364646521235019,1.186815427166592,1
-0.9368520566773029,-1.0002599671583507,0
-1.3380295952319101,1.0345492028108954,1
0.5314952813812464,1.4256343927644566,1
-1.8473123550944885,1.0337777800916657,1
-1.8821944571828695,0.5825621522401687,1
-0.8807012129023736,1.064647166248249,1
0.27931634669813854,1.8557760365909357,1
0.10544103334623056,-1.3973260054380534,0
0.08729894182190678,1.38216800621334,1
-3.8022009413264946,-0.1935000463069545,1
-1.6063065542427655,0.7120864222844216,1
0.9635053256681793,-0.7078485043284624,0
-2.1905217929528638,0.5787354199816389,1
0.008409679675332793,0.9806658651627032,1
1.724703432498283,-1.0227354840594836,0
-0.9335325660569406,1.175511266064047,1
0.883442172795596,-1.0861779654278394,0
-3.28591812330565,0.10980820128545032,1
1.1628335004417818,-1.0834655150014771,0
-1.2879467062578174,0.9695393562845904,1
-0.4532118320024652,1.1726343370782935,1
3.24684016535135,-0.869597054351583,0
-0.9560806496571785,0.8995658802242701,1
1.4168196017522632,-1.0455349063643937,0
-1.3985318221851015,1.1956673701261684,1
1.7987606771266238,-0.8766513733238619,0
-1.245749638464736,0.8530510380970486,1
1.7423851359637035,-1.2007309843635356,0
-1.0306931100799506,1.0209811052166164,1
0.07773764387124205,-1.2794160340462037,0
-1.3856709539992904,0.9226854524853756,1
0.06955965620173721,-0.6847915125161956,0
1.2262941213637268,-1.1300861603146812,0
-2.9137816594535058,0.728086623006877,1
-0.8719732127577602,1.0548116689100433,1
1.0324681306453716,-1.3378710867115493,0
-1.445484834211244,0.761031523892179,1
2.335036782639138,-0.974734160890908,0
-0.622449364264508,0.6368992167902539,1
-0.5719118540019397,1.4258488311620572,1
0.6736850124680199,-1.0203487184227207,0
-0.9344108726993611,0.8948218153262957,1
0.3116200099195252,1.6486992880213978,1
-0.5851896322740742,-0.9910579518449844,0
1.963740604258611,-0.8511636082424732,0
-1.9032625020153509,0.5283414115952039,0
-1.607874709273121,0.8274313707889009,1
-0.3079532292214534,0.9850062507314529,1
1.4650442836179969,-0.9591309033142833,0
1.1490634336034855,-1.3289196470040185,0
-0.8258423668986973,1.1182707760073745,1
2.003318085537169,-0.7202818835462199,0
1.275922166459777,-0.9970580669076857,0
1.9201488186483253,2.334635039600521,1
0.3673100048064022,-1.2291237035299856,0
0.7773952728100257,-1.1011414970513682,0
-1.0247362544038676,0.8585180874227833,1
-0.8545868893903366,0.9564256205559202,1
-0.6556523938039186,1.2895177794576032,1
1.3173029189551217,-0.9741745267296774,0
0.4666697766966783,-1.1889623131515494,0
-1.177112625505974,1.0627224650944087,1
1.6957698251443931,-0.943921314396579,0
-0.23000849566024395,1.5785984667948445,1
-1.9654435338478058,0.6389912917132918,1
-1.7657125650801504,0.8819827806465387,1
-1.6043597453737386,1.1290243103339508,1
-2.071853015574626,0.9738960529534799,1
-3.4976778745920383,0.5239316380467661,1
-1.360820116197155,1.2179979412556245,1
-2.6850175462947687,0.3565793034428726,1
-0.5663915355350604,-1.3198730342884957,0
1.8746254542629592,-1.1058470935076243,0
-0.2139382214495793,-1.2629260841479129,0
-1.1596219840198043,0.9852183783275187,1
-0.01783215660282056,-1.1320279853779696,0
0.8934213297889196,-0.6563686135765398,0
-1.0819098198911599,-0.9980253464703739,0
0.1776086674617905,1.3869371398035222,1
-2.294295905684157,0.12276146342023453,1
0.08002255501965472,-1.226560618668233,0
-1.7674437037172666,0.7650462296416134,1
0.38621985342913734,-1.4511012115270931,0
-1.2434768126479563,0.939183205573725,1
-1.4331382727035706,0.8980206932707815,1
-1.1039496718678772,0.8147484017145094,1
0.5976911489344594,-1.0501979940002488,0
-2.2813351673675974,0.2998300653975221,1
-1.1753722979796797,0.9337776987394907,1
3.047473801292175,-0.9684034823542836,0
-0.010733740275873815,-1.0782541897130065,0
1.1264097398855886,-1.3447603336986578,0
0.9865690877326506,-0.8823524405026395,0
-2.0691418171030502,0.5382049671109095,1
2.463867551660874,-0.9334779631400201,0
-1.3747649287820685,0.9873106093021465,1
1.4694628377553716,-1.33233110187719,0
2.449142189309803,-1.2337092178220956,0
-0.03880997585524271,-1.0040397382139685,0
-1.6796492913261813,0.931389622836082,1
-0.48136791928993183,0.9458964239162659,1
0.40151087126599583,1.6075465563162488,1
1.4677959198693622,-0.4727210927394374,0
-0.26324819466635185,1.1817456294637236,1
-1.1916783174325671,1.1901562945150619,1
0.062379473886491454,-1.0174198043258917,0
-1.3983925770005616,0.6091030408853442,1
-1.165870793465633,0.8549964102620542,1
-0.23182508244947087,1.0548695866196063,1
-0.0007843663053690442,1.4845023006182754,1
0.5947522450549967,-0.6552506073444999,0
-1.7628261734265718,0.8090052422756097,1
-1.6743640605217833,0.8263835275093264,1
0.9927297171661773,-0.8362795666199359,0
-0.7266901612774115,1.1183142599266533,1
-1.4801939163709985,0.8892266446543529,1
2.2261988499143337,-0.7732561213680429,0
-2.5603005003566452,0.6382328932711242,1
-1.1951660660881405,0.9184171986935156,1
-0.3092132926760688,0.9508815360059398,1
1.0069843116075452,-0.9434618783264301,0
1.4095495045761144,-0.9101950749004353,0
0.2071501808364108,-1.9171108578323828,0
-0.873263158765649,0.9886522128436921,1
-2.593112304713602,0.4838112544804549,1
2.3192821274887168,-0.714452050577792,0
-0.041078182073383096,1.0613407172966502,1
0.7810340899744781,-0.831899248447471,0
0.6313888907710872,-0.9047052119432336,0
1.361063992568604,-1.186120840455748,0
-2.0467627575987866,0.7836016955367014,1
-0.6882686471900237,1.0348444564816066,1
1.6571266724109535,-1.1891609589895804,0
0.7758007804871262,-0.8344459584344351,0
-1.3324554935142365,0.8871361852523101,1
0.8488863622442433,1.9551153826182355,1
-0.2031669964447651,1.1261512839928942,1
0.4723188579796722,-0.7815705687090998,0
-0.4402823717446396,1.1812192845758789,1
0.9586948400268157,-1.2389514925108587,0
-2.4237032088784405,0.33951929822010696,1
1.190533536237775,-1.0550485126017095,0
-1.5839786737099004,1.0246918054096148,1
-1.2700645946776596,0.6163213074879382,1
2.1592594850813516,-0.7442653220772693,0
1.259884136474708,-0.7360912486183766,0
-1.867232960458468,0.30214499453239385,1
-1.9025281253647681,0.4124608210688092,1
-2.023738722360378,1.0171358521288973,1
0.6305201060053967,-0.9921531311260254,0
-1.4058303138436505,0.7715401440964701,1
1.529330582697131,-1.3368905000147715,0
2.702138945423725,-0.7473914077850844,0
-1.009702883781014,-1.0032061408402921,0
1.2312135004726539,-1.6441803689857335,0
-2.5893529082438125,0.16846229899353937,1
2.252613682414323,-0.8788445497976871,0
1.3828206449166125,-0.7538663647906843,0
-0.2403623015251286,-1.474569820619109,0
-1.5010745949921436,0.23888936150936313,1
1.7468242161804595,-1.0554369905867584,0
-0.038521546297593856,-1.0119728310565699,0
0.7188154279220751,-0.8852171713132788,0
2.5430740813362576,-0.9739415094666771,0
0.8203310463942253,-1.052168984718105,0
-0.5600633403980062,0.9307224501353304,1
-0.9908542971144573,0.8079936814597407,1
0.9941088715766927,-0.7294646440294068,0
1.2212286887225083,2.01881037944466,1
1.5599985038294886,-1.010910580618726,0
2.2734337654319248,-1.0652230094430577,0
1.6429451604831637,-0.690544299301368,0
-2.2682018473636534,0.3370333295076029,1
-1.483970687321104,1.149993404231731,1
1.0024753248226506,1.5501730859446363,1
0.989426272954875,-0.9762201309552666,0
0.047127174559367435,-0.9536801180603243,0
1.737704387690298,-0.8640067878389024,0
2.744157689995551,-0.7859992412789845,0
-1.188427028568407,-1.2314126159718242,0
0.6287668944470814,-0.9838287728869326,0
0.6383046007336863,-0.6381086524259729,0
0.9741881921331845,-0.4704682091208572,0
1.3868503957789788,-1.2132739999150735,0
-0.9236824566951795,1.0804429688121082,1
-0.2938757255409056,1.1968671923231815,1
-0.2270762215327624,-1.07776774908548,0
0.0003483311607584971,-1.6045597912460274,0
1.4534431724686783,-0.915686903504447,0
1.4434927382672726,-0.871459346937234,0
-0.746349832313738,1.1837932927547328,1
1.8727482726455995,-0.9167970658578899,0
-1.5619887243350001,0.7425528042252568,1
-0.881254544697539,1.0706552512631358,1
-0.26872859723191256,1.160008610486026,1
-1.9309307769381525,0.24371578508395564,1
1.6878311489035873,-0.9376911336820596,0
-0.28887698472403844,-1.1784067584129545,0
1.45705013544883,-0.9767579539900414,0
1.1235664739865723,-1.0908908909188404,0
1.021389909305901,-0.7325744690896372,0
0.8227109289385576,-1.2882479616939315,0
1.772526639013476,-0.7301156297311485,0
0.20601642775824236,-0.6994401277496154,0
0.21399972515029675,-1.014274927177945,0
0.7930977456193833,1.6933543663365054,1
0.588099590381967,1.504810555640654,1
-0.9821094897289523,1.183171543418486,1
0.615228321568116,-1.2663089811791028,0
2.291479413048624,-0.5163099897517045,0
0.6422751284596759,1.808012365433755,1
-2.0860396852429517,-1.5561026895018701,0
2.8614283938080924,-0.9140526230263012,0
1.4702333949162476,-0.660644200382727,0
1.4472073043305713,-0.6238237929169537,0
-1.3427710759082871,0.8472155610760227,1
1.6487110822768294,-1.4420967381362542,0
1.0366342091798935,-1.0214029600112697,0
0.7975327093182789,-0.8672854513812392,0
0.06915096856738501,1.2824776024269258,1
-1.0493258062014115,0.9611020726905755,1
1.9979698241361028,-0.6294357964696267,0
0.5846255634006029,-1.0302949239068588,0
0.14209082038957,-1.7760711302039047,0
0.2607680618988567,-0.9079161104777301,0
0.3165127814904788,-1.080673410391269,0
0.44796424638795806,-1.066755314704635,0
2.092728309343885,-0.7144913286684414,0
0.31076975311825594,-1.207015248952012,0
3.0593023749765424,-0.8462835811220049,0
0.3498296159944203,1.4222513531725127,1
-1.8183301213773875,0.6246914905472791,1
1.2900519660677303,1.9938380990872107,1
-1.3905810160890268,1.132505719862682,1
2.640337735845584,-0.7253303055718112,0
-0.02849823309861166,-0.8279459059572357,0
-0.23677175758840918,-1.1507179600021102,0
-1.5874478368688918,0.9389098110290032,1
1.8911017946858202,-0.9939677036460489,0
0.9549574557496928,-1.0021022167429436,0
1.5242090464995108,-0.6665129864749872,0
1.8123413163741264,-0.8965077158689522,0
0.3669317898500313,-1.14717597489311,0
0.8189243987692557,-0.8870770427483872,0
-0.035229530624408145,-1.1194842599347512,0
1.0667688994399742,1.766092537788249,1
-0.17333372152309878,-0.9660865279157062,0
-0.6182718988931333,1.4599587515147379,1
-0.6138779932801468,-0.890738979622476,0
0.2537189016889987,-0.9978309451527929,0
-1.3159290163285964,1.0575510063456421,1
-0.6985161543500596,1.049282167649867,1
-1.477811731573577,0.8606916773605544,1
1.104878467555251,-0.8289765848687196,0
1.0690442008632144,-0.785044584246692,0
2.3159632359633906,-0.7264224324501141,0
2.02496000798455,-1.0055199238198949,0
1.7076458886022772,-1.194175967050005,0
2.271334949322366,-0.8384152648874579,0
1.414140458533315,-0.7126151311091102,0
-2.9488903446103674,0.2717125456172762,1
0.6155974160265465,1.5449811853443156,1
-3.107569139466293,0.10225371127133975,1
0.5267082775203769,1.7922357237791233,1
2.1860428112106405,-1.0988104263032556,0
-0.9831984326804917,-1.1363829880958685,0
-2.7957662935852756,0.0018616742206799541,1
3.416821077389367,-0.865619074041446,0
0.6544260406693507,-1.1286264531957277,0
-0.3315025520086827,-0.9130933504374604,0
1.0516673776852572,-1.1507739930086855,0
0.5000245025000812,-1.1429629117402673,0
-0.6975470360869732,1.1217672382925319,1
2.1890147492868772,-0.6168616129135209,0
0.9647248084322645,-0.7449602201146215,0
-0.7010584601290608,0.8275307229589938,1
-3.59575501778792,0.2924521001089877,1
1.1792503023620702,-1.1983370840986471,0
1.867679627539021,-1.050397238092355,0
-2.0705417211269586,0.8950245448148342,1
-0.12598272540593358,-0.8013638427724139,0
-1.5005456147893497,0.9130186566447228,1
1.1027981680066519,-0.9157829476974865,0
-1.974938200633689,0.5834792582555108,1
-0.025694978527708745,-1.4355913281316734,0
0.2157474076245811,-1.14348350643332,0
-0.4069593404523264,1.5608058131804543,1
-2.4452750707916406,0.38637689277486764,1
-0.5391892671572582,1.5101661791808783,1
-0.5348879522993156,1.0498924791297235,1
-0.23792856779747318,1.4322580332665835,1
-1.7608967906271644,-1.1901717137069714,0
-0.46271793233413105,1.5948611609357495,1
0.3270264018605562,1.4605914228311379,1
2.2270855229473763,-0.7061009572323501,0
1.6727859801089453,-1.3264052118367642,0
-1.0068839498276543,1.5040019888629166,1
-2.0254475715938485,0.5486221332465624,1
-1.896397687976794,0.6912437916662706,1
-0.25868514215505933,1.6135852697981723,1
-0.37515738083986705,0.9824050534881426,1
-2.0439917011497086,0.1845460924112814,1
2.1073353011977387,-0.6069196373620905,0
1.9730750054017534,-1.2680200457948643,0
-1.5401959451282359,0.7556253599928763,1
1.3639226024332483,-1.0444741985209074,0
-2.3081415554371154,0.19519863877067667,1
-1.0639019832833494,1.202662102543768,1
-0.8890925248374211,1.4362075599130038,1
-0.16328066579205958,1.4849178432593035,1
-0.9650893470747129,1.0111348626030048,1
-1.1351316025177773,1.1383892562840734,1
-1.6988162040811232,0.5661342568149701,1
-1.3944357570233517,1.2020750476618067,1
1.578461109118248,-0.9612912729551878,0
-0.8146360846321672,1.253992559653329,1
-0.04862984418214933,-0.9718458363611588,0
0.2960917384965711,1.2821810253121335,1
-0.40524125996546934,-1.0937478713317699,0
-1.0755717768262487,1.0104838449274323,1
-0.08546135288021506,-1.1714238995542232,0
-1.3740066118899645,0.7542456733676942,1
0.1613415709581547,1.5498457656800946,1
0.6865506967832966,1.696962797393308,1
1.1243167349446863,-0.9185820833460968,0
-0.4771192717927215,1.1211933241286876,1
-1.9320968739646123,0.21578494528123005,1
1.2274133980662731,-0.6032878508317115,0
-0.5369053430926971,1.1881382521639992,1
1.1538698607686868,-1.1651719727436138,0
0.13361940550247797,-0.8375561343369778,0
-0.6587395662843758,-0.9418021448050131,0
0.5132092808142703,1.7892690192917007,1
0.332937388931111,-0.859042769772199,0
-1.8738980510888048,0.5989322131975289,1
-0.1773390133485242,-0.7671449500975782,0
-1.1520365289155867,1.0673102873985436,1
0.8727177057671094,1.4649225894604947,1
1.5715403056160122,-0.9021216752407719,0
0.3244834803740906,-0.8942905254525798,0
-0.27026734368872973,-1.148092724587439,0
-2.022639982606479,0.5827013437748108,1
2.5218847104667925,-1.2007498420964908,0
1.0901859943977277,-0.8447276476469389,0
-1.1168261786821485,0.9897292001345739,1
-0.9331144931843319,1.163835075345462,1
-1.7298459377948807,0.840446286892968,1
2.400459468157876,-0.6687135071105258,0
-0.6650810824514855,-1.3797363029066996,0
-2.019558585530579,0.22829798443690452,1
-0.6423072000208443,-1.4360211298642338,0
1.4066274318962826,-1.185133583228714,0
2.6325233889194646,-0.950594600400263,0
-1.1133880003532566,0.9439245463806103,1
1.3777738758067946,1.9597126938505016,1
-0.9424404071622139,0.8798761707445748,1
-2.7494461410428235,0.3017064192248413,1
0.24209156041014512,-0.919764489897302,0
-1.0565613238264124,0.8461988413622421,1
-0.9399825064783052,1.1958950422415777,1
-0.916490508413268,1.4984521333337038,1
0.08162469183536913,-0.7311239126352885,0
-0.667796391431486,-0.9761478158830073,0
-0.6111339080933726,-1.4491157186335806,0
0.5877597825900032,-0.9877498270226489,0
0.3080929825454105,-1.1669239321327733,0
1.2239610160458014,-0.5276587503446226,0
-2.5053296251427124,0.6089789052209538,1
-0.6888314445344307,1.2814565265410367,1
-1.7626589761339089,0.7161433678557416,1
2.21600581396505,-0.43053880730220584,0
0.985256460957066,-1.0912723029979288,0
0.021003983277295468,1.408643572625507,1
-0.8975613839035714,0.9062425642567435,1
0.2433339920498151,-0.9460886113773752,0
0.6457492547916264,2.1624432484700047,1
1.5308539530563499,-0.7076043275800068,0
-0.20190269947484762,-1.1508917075334852,0
-1.3188561488350345,1.0068659589246989,1
2.3436091431274644,-0.7113247534268426,0
-0.3526103617325599,1.210718578737318,1
0.5102802904875019,1.7476733766487087,1
2.1046204716403665,-0.9365432805627603,0
1.7966043666393867,-1.0654253328627719,0
-2.3880772892607585,0.47523053840964313,1
0.18291658078186335,1.4724373839920766,1
-1.133977883735247,0.8120587556606089,1
1.4554257941068955,-0.993966289077602,0
0.1683610968597049,-1.1143672874961181,0
1.826081290275813,-1.1981367630830035,0
1.1332876897332655,-0.9681583363288925,0
0.9593975149862757,-1.2536182465140817,0
0.1559029326435748,1.4755648289018166,1
-2.1189391387907484,-1.491372821086627,0
-0.7729978464209174,0.7844708204420512,1
-3.1208384147246773,0.10440844027980334,1
-2.7650714065367152,0.563234793542063,1
1.4436811526947073,-1.2985507388878754,0
-0.6630502971055996,1.427758928296293,1
1.7792016871510583,-0.854109484383643,0
-0.938875028429479,1.1583634119455473,1
-0.5902842527923815,1.3723080056790624,1
-1.576102447643172,0.7606416737270586,1
-1.0800067917539018,1.0750968464896258,1
0.7525791075946153,1.692529853852677,0
1.5927390939279205,-1.338947953269976,0
-2.7332570666548683,0.33754037431489425,1
-1.6689238598818412,0.478232568044485,1
-1.1596763284223806,1.15819898089462,1
2.567592211331097,-0.4709424773066343,0
-0.40798614055795546,1.0810237761638646,1
1.8232851543723043,-0.5123433171886955,0
1.8504875613922933,-0.9205835950787646,0
-1.1786935548077109,-1.3204253740506597,0
0.5846150303776201,1.5087238319236618,1
1.8100999241028828,-0.6300977639240262,0
0.8325332327188374,-1.021652582716984,0
1.4219687935978853,-0.7995390835281304,0
1.9744736883834284,-1.2808867641080088,0
-0.9318124648531813,0.9243288630823725,1
1.302375854203932,-0.7621499358637661,0
1.0192147817358828,-0.8495053114762389,0
0.9809368388522431,-0.5948123843666893,0
0.7512562500288125,-0.5971742882195668,0
-2.313632739892637,0.1767252026595434,1
-2.306093115923695,0.5884915973138571,1
0.7920470158103505,-0.8858702773001677,0
1.9024751396499902,-0.8360989314020055,0
2.216777950798962,-1.1696791858841449,0
2.3889125625782057,-0.9861510396082811,0
-0.2419826889666974,-0.9116737017569567,0
-0.029276769811255487,-1.1309752075512711,0
1.5625313014400786,-0.974805101644664,0
0.8780565189740099,-0.6378631253519305,0
0.10588343353648044,-1.1673021490100295,0
0.7781116561892336,-1.145022512133981,0
1.051055662212525,1.8175291739634707,1
1.4502130607255657,-0.8047332535981419,0
-3.17593597413507,0.18787332759125153,1
-0.29705498911183326,1.2130968767635968,1
-1.9055349841457885,0.6488869547652834,1
0.1587094345778135,-1.265582768968204,0
-0.9405318574415302,1.1643148783829962,1
0.8303568089327746,-0.7511904043758757,0
-1.6546206945127349,-1.2510949911061082,0
-0.17047575764630674,1.2733386170850367,1
2.2868549684635804,-0.8441198466802077,0
1.1901856007644713,-1.2379501859258393,0
-1.2573476813161013,0.9426743088979408,1
0.2649271006332691,-1.0013728550826837,0
2.904774858824587,-0.669862612042461,0
1.4769620600048037,-0.6304441669548062,0
1.900203884367101,-1.24637882736917,0
-0.37942802958982247,-1.5043643520241528,0
0.0043451928531210715,1.0687530002379222,1
-0.6716400471606024,1.3647176030645474,1
0.9361136958516456,-1.385384498410495,0
-2.3243138169560336,0.6200915403904191,1
-1.799126330748768,0.5999532090542,1
2.905823409322293,0.0754351836244449,0
1.207157647731794,-0.845797488015519,0
-1.0146691860961505,1.1590867337473745,1
2.2356609669637892,-0.6856549042156503,0
2.5419341751224405,-1.0671217225014287,0
1.988784007390287,-1.0079475941245268,0
0.006344566494822956,1.2582589588529243,1
2.3585234138145355,-0.5838989742468292,0
0.34255624924373207,-0.9886384099315813,0
-1.3686141040147908,0.8074135758359202,1
-0.8454132884113107,0.949556386649361,1
0.5288753400518118,-0.8658539097254272,0
0.6467555492837148,-1.1258791744816015,0
0.49525953579234105,-0.35523334235100146,0
-0.7101465901208576,1.21872330114565,1
1.1946779281229623,-0.8491868549016136,0
-1.250665527265252,0.9398156203867373,1
0.018441850355705336,1.5011021329633065,1
2.502858790171789,-0.8874365243604404,0
0.056773575858974024,1.3510170040797074,1
1.600965950746215,-0.752190856352728,0
0.4468548190881052,1.6568710083815241,1
1.449146467842624,-0.6265618751180648,0
2.2528222027476263,-0.9799304309158052,0
-3.177957733366951,0.48951470999545965,1
1.1373271704112042,-1.0370473631576131,0
-1.8781463281463422,0.6655627895678549,1
0.9149996200927788,-0.8090668188905784,0
0.35733369529419323,-1.4040699511834578,0
0.08215903336872732,-0.8603081674915143,0
-1.3526604707711967,0.8721646548719677,1
0.8285454115058365,-1.0556986820834635,0
-0.7731852398058756,0.9238528261107836,1
2.811133645247791,-0.5039630316850472,0
-1.6342186160848287,0.7509368089015721,1
0.6084377759097224,-1.0569804822613924,0
-2.2466366377962426,0.7067801922526312,1
0.25397899480547415,-1.1240609545541673,0
-3.2426804467321286,0.16969638242961005,1
1.0676274247280566,-1.006219434741351,0
1.9703685346706052,-0.6183972928024115,0
-0.034992789082182174,-0.6436412286018186,0
-0.5919506020730705,-1.4433463489362053,0
1.9750388077203171,-0.7573196198681791,0
-0.36124013980589864,-1.2141241674540921,0
-1.1389369407793426,-1.140375623967353,0
1.6673987662425627,-0.9982809181175938,0
0.7371804545533683,-1.3443829859602556,0
-1.3202632451401097,0.8430360557711964,1
1.04281854393619,1.7355732881013628,1
-1.849180904430788,0.48907824241634024,1
-1.1481305274236817,0.8265679895584808,1
0.35614926895627275,-1.3086574886272944,0
-0.7977598449493895,1.1329255447299196,1
-0.27602029714468723,1.2939249429061936,1
-1.6425973559761622,0.2962513975381784,1
-0.08622634392658068,1.1504974906524652,1
2.6187186032022445,-1.3915621193909649,0
1.8188188321494472,-1.3388905862648393,0
0.4657827127011769,1.4427134519074278,1
-1.7094918433107509,0.7977464703892712,1
0.9207414151919036,-0.8529563475068811,0
-0.5429635317103865,-0.7946775146975216,0
3.295050559876798,-0.7953186833761137,0
0.44066786024382476,-0.847448916910046,0
2.294708474671717,-0.5296546317367123,0
1.4877718878526776,-1.1504650844197655,0
1.7464811723161626,-0.7786548573604566,0
0.32293149333101745,1.8768177914362387,1
-0.39094914786920654,1.307804381277264,1
1.524650957253209,-0.4289805839144961,0
-0.3694308431394018,1.3757195211417885,1
-2.11155209152746,0.8221935133542171,1
-0.6898632401017558,1.042161580749098,1
-0.9526234574972199,1.1534341067156728,1
-1.701056256013885,0.46447261591532585,1
-2.38653194788799,0.44325273479993343,1
1.9346713694950102,-0.9227420848241192,0
-0.13152379720743546,1.541420938109987,1
-0.31592144117002086,1.4333729148938097,1
0.029049821696033096,1.6453778104434975,1
3.130925136951006,-0.8135643038142814,0
-1.2450735526917158,0.9457421028796856,1
1.9803737848317065,-1.0976294562219644,0
0.168372528938868,-0.8965692821592355,0
1.3775840395794834,-0.7930199894543057,0
0.7373487107058105,-0.9233102747808382,0
-1.0278499526910205,0.7939248988792662,1
-0.36709366128512366,-1.4888146686909476,0
-1.2516018442102999,0.9174060342424765,0
1.850254099919356,-1.3239265073766378,0
1.96039940367295,-0.9275366761171804,0
-0.07036495994739367,-0.7936995757921246,0
-3.3057530463021463,0.34034322846568976,1
0.17329317665275068,-0.9058290411687971,0
-1.2271297654258786,0.9445393699779789,1
0.8498283283731219,-0.9089549799925064,0
-0.4987617202746253,1.4150998158847474,1
-2.5242090288613532,0.3766489000542146,1
0.4895334808614831,1.742417298219784,1
2.395484432307838,-0.8825382528672594,0
-2.742263158091622,0.8015391753821349,1
1.3975606555355264,-1.0001652451973009,0
0.6969371010028331,-1.0312310727479566,0
-0.5234170641926256,0.9522139649661414,1
-2.0024085247655643,0.7802032855454912,1
-0.6335055134237806,1.2389367120337333,1
2.8432600638273913,-1.0529594513557197,0
1.171140856422072,-0.8765605660927039,0
1.2001160412898328,-0.28031997105153694,0
2.925011540111461,-0.9123653859295003,0
-2.432006089699139,0.3575008733631856,1
1.1185454249646625,-1.1302426227417612,0
0.9657104981118356,-0.7924431076695131,0
1.7197146830191354,-0.6833660459338383,0
-0.5785921399461229,1.388993918562935,1
-0.3321787607232478,1.0984740302164495,1
0.44198963210093256,-0.9779453911643942,0
-0.24952128719491573,1.3659604069593474,1
-0.032625194302134286,-1.1060247452064855,0
1.2187350108895108,-0.8074912520189104,0
1.432858560857095,-0.2334342023453374,0
0.1630452006699844,-1.109939571339954,0
-2.1792328761316737,0.4989880700821352,1
1.4340867670474673,-0.5171179659015179,0
-0.02179899097947202,-1.4522041023655818,0
0.3554749366942309,1.012018651133961,1
-0.9644852622279498,1.7050306367012429,1
-1.8823011355225818,0.7808347464997637,1
0.44229028395964165,1.6655655520080397,1
0.9879511486002245,-0.9559943266505839,0
0.08352253518149166,1.0743135528792283,1
-0.6944434005647574,1.1649426201765842,1
0.020362774901160785,1.248293973157869,1
-0.5791494401779926,1.2292394781820213,1
0.586810719808411,-1.1404470141379557,0
-1.8144666437056491,1.189464058881462,1
-1.6491830775427412,0.8465829667520826,1
1.9946582257066496,-1.1339680176170348,0
-3.3714293636526187,0.4068026117149558,1
1.2380945514666886,-0.36801794669182997,0
-2.6265512892059526,0.41966597773968106,1
-0.9148440429251792,1.141692404377366,1
-1.345527969462339,1.3036592758439691,1
1.6130434168702865,-0.4635450174424195,0
-0.32880877075932835,-0.7206410564290244,0
0.4609073668683439,-0.7622435578063128,0
0.5152162769650808,-1.1035349047517469,0
-1.9025931433578518,0.8705143836423849,1
-0.5637817725022019,1.4518567918211334,1
-1.0724212741370758,0.9674314534127014,1
0.5348672415997026,-0.9223513333416349,0
0.12997819548665257,1.159691047512947,1
1.8513613573186456,-1.1995790053482867,0
-0.8033871457462939,0.9633160320470766,1
0.8685871319620048,-1.046560465081905,0
0.34245420408441474,-0.7001728884737806,0
0.7753884239071525,-0.8827434067549889,0
-0.7706741762643542,1.481317502088942,1
0.07891538194093561,1.8089992228886929,1
1.6520975000278209,-0.8186688473949759,0
-2.745492775259998,0.20744150987189047,1
1.6060612494637092,-0.620848121260984,0
-0.8784381727800582,0.9943525012525559,1
-0.34596818831486764,1.3647381344413814,1
0.7386850846409017,-1.0834780109011881,0
0.9868680114793844,1.783319983401649,1
-0.6674916799112796,0.9441213058370109,1
1.2519436644966508,-0.8923963781094949,0
0.7010905898353528,1.3437549752728808,1
-0.046802357775495906,1.4197861550556203,1
-0.6684734260962532,1.0274832543482009,1
-0.5702454252524116,1.408234817520327,1
-0.9166331347612182,0.7897982215450314,1
0.7623159411756029,1.8276169585153572,1
0.007627315397360723,-0.8424695380035209,0
-1.813066666098858,0.4847772985320081,1
-1.9023838787471565,0.7825022206121853,1
3.1342807752984387,-0.7341211144871755,0
-2.9619048414096096,0.5864608660682068,1
0.3050811615890102,-1.319081830022022,0
0.5118806476913975,-1.3050714144326956,0
0.052209640125429946,1.6057537139303144,1
-2.33523240537248,0.08503470370072375,1
0.569809191605436,-0.9492539876918764,0
1.851479182677454,-1.155450725112654,0
-0.6423091988576255,1.179191980395491,1
-0.0004941584015611955,1.3963188142571883,1
-1.669583421962951,0.8308825566016989,1
0.09852828172808792,-1.03146226357131,0
1.8429314437101234,-1.178047946317011,0
0.3681576078932747,1.5525441905533537,1
0.09859273709515348,-1.150022570333959,0
-2.0653886728652484,0.7536115017171732,1
-1.9108330587544355,0.9974149723439059,1
-0.9048329081162114,0.9932091946133913,1
2.428044516380436,2.21052083445069,1
1.729204947095207,-0.544857698498904,0
-1.0797760416706603,0.3611482868961029,1
1.8475461112162812,-0.5491165845382464,0
0.79812111368597,-0.8558694143472747,0
-1.7628974847261598,0.8328812553524125,1
-0.2222772619369986,1.2311437234003908,1
-1.2286811239751994,0.9751655368673411,1
-1.506702958153483,0.47763254441777137,1
